Timestamp,Joke Submitter ID,D23,D27,D14,D49,D102,D110,D113,D121,D111,D152,D98,D145,D180,D11,D10,D8,D7,D6,D5,D60,D61,D56,D57,D87,D94,D148,D25,D76,C26,D141,D19,D107,C48,C46,D96,D70,D69,C37,D20,D21,D16,C84,D44,C23,C39,C25,C36,C40,D44,C49,C35,C53,C57,C22,C27,C86,D83,D90,D92,D100,D103,C70,C47,C32,C33,D188,D173,D88,D62,D54,C91,D98,C78,C80,C95,C104,C105,C77,C52,C29,C99,D166,C75,D127,D125,D93,C82,C68,D181,C31,D153,D174,C88,C89,C90,C92,C97,C61,C45,C102,C2,C3,C4,C5,C6,C7,C8,C9,C10,C11,C12,C13,C14,C15,C16,C17,C18,C19,C20,C21,D2 ,D3 ,D4,D13,D17,D28,D29,D30,D31,D32,D33,D34,D35,D36,C76,C74,D37,D38,D39,D40,D41,D42,D64,D65,D67,D68,D77,D78,D79,D80,D81,D82,D83,D84,D85,D86,D130,D132,D133,D135,D136,D138,D139,D152,D154,D156,D180,D182,D185,D186
10/25/2017 18:22:56,52418,5,1,5,5,4,5,5,4,5,4,5,5,2,5,5,5,5,3,3,2,3,5,1,2,5,5,4,2,1,3,3,3,5,5,3,5,5,3,5,3,5,4,4,2,3,3,5,2,5,5,5,4,4,5,5,3,4,3,3,3,4,4,5,5,5,4,5,3,1,5,3,5,5,3,5,5,5,5,5,5,3,4,4,3,3,3,3,2,4,5,4,5,5,4,5,3,5,4,4,2,5,1,5,5,4,5,3,4,4,4,2,3,5,3,3,3,5,4,2,5,5,4,5,5,5,4,4,4,2,2,5,4,5,3,4,5,4,5,3,2,4,5,5,3,4,5,5,5,5,5,5,4,2,5,4,3,5,3,3,5,4,5,5,3,5,5,4,5,1,5
10/25/2017 15:44:52,28946,4,2,4,3,4,4,1,3,3,1,3,1,2,5,2,4,5,2,3,3,3,5,5,1,4,4,2,5,3,3,5,4,5,3,4,5,4,3,4,4,1,1,4,5,4,4,4,2,5,2,3,3,4,5,5,2,3,3,2,4,4,4,3,4,3,5,4,1,5,5,2,3,4,2,1,2,3,4,4,3,2,2,4,5,4,2,2,4,3,5,3,5,5,4,3,2,1,5,4,1,4,3,5,1,4,3,0,3,3,3,2,2,4,4,2,3,4,4,2,5,4,2,3,2,1,4,1,3,2,3,4,3,2,,4,3,4,3,2,4,1,4,2,2,4,3,1,2,3,3,3,2,3,1,5,2,4,2,3,5,4,5,4,1,4,4,5,2,1,4
10/25/2017 19:30:12,58269,2,2,4,4,3,3,2,3,3,3,3,3,3,2,2,5,4,4,3,3,3,4,4,4,3,3,2,5,3,4,5,3,4,4,4,4,2,2,3,2,3,3,4,5,4,3,2,3,4,4,2,2,3,3,4,4,3,3,3,3,3,3,2,2,1,3,5,2,2,5,3,2,3,3,5,2,4,2,4,2,4,3,4,4,3,2,4,4,5,4,4,4,3,4,3,3,4,3,4,3,3,3,5,2,3,4,3,3,2,1,4,4,3,3,3,4,3,4,4,4,4,3,4,4,2,4,3,4,4,2,3,3,2,2,3,4,2,4,2,3,4,2,4,3,3,3,4,5,4,4,4,4,4,4,4,4,2,4,4,5,3,3,3,3,3,3,3,2,3,4
10/26/2017 16:57:57,96004,1,2,4,3,4,2,2,3,4,2,2,3,5,1,3,5,4,1,3,1,4,3,3,2,1,1,1,3,3,3,1,2,2,4,5,5,4,2,4,1,4,1,4,2,2,1,1,2,2,1,1,1,4,4,4,2,2,2,1,3,3,3,3,1,3,4,1,2,4,4,1,2,2,3,3,1,4,1,2,1,3,3,4,1,4,2,2,3,5,1,4,1,2,3,5,1,3,2,2,1,2,1,1,4,3,5,1,4,2,1,1,3,3,3,4,5,2,3,2,4,2,3,4,1,4,4,3,3,3,3,5,1,4,2,4,5,2,3,1,3,1,3,4,5,4,4,3,1,2,4,3,1,5,2,2,1,1,5,3,3,3,2,3,3,4,3,3,3,2,5
10/25/2017 15:26:16,25918,2,1,4,4,1,4,2,4,4,3,2,3,3,3,5,3,5,4,4,3,4,,4,3,3,3,3,4,1,3,4,2,2,4,2,3,5,4,1,2,2,4,5,4,5,2,3,2,5,4,1,1,3,3,4,4,2,1,1,2,3,4,3,4,2,4,5,3,4,4,3,4,1,3,4,1,4,1,3,2,3,2,3,4,4,2,4,4,3,3,5,5,2,4,4,4,4,4,4,2,1,1,4,3,4,4,,4,1,1,3,5,3,4,2,3,3,3,3,4,4,4,4,4,3,3,4,4,3,3,3,4,4,3,4,5,4,4,3,3,3,4,3,3,3,4,4,5,3,4,4,2,4,4,4,4,2,2,3,5,5,5,4,3,4,2,4,2,4,3
10/25/2017 15:30:39,62937,1,5,5,4,1,1,1,3,1,1,4,1,1,1,1,1,5,1,2,3,2,3,5,1,3,3,1,4,1,1,2,1,1,5,2,5,5,4,1,1,3,2,5,2,1,3,1,1,4,1,1,1,1,3,4,5,4,4,4,1,1,5,4,1,1,3,5,1,5,5,4,1,1,4,5,1,1,1,4,1,1,5,1,5,1,1,1,4,1,5,1,5,1,5,3,1,4,4,1,1,1,2,5,1,3,1,5,1,1,1,1,1,1,1,5,1,1,5,4,5,1,4,2,4,1,4,1,1,4,1,1,2,1,4,3,1,1,1,2,1,1,3,5,4,2,1,1,3,1,3,1,5,4,4,5,1,1,1,1,2,3,2,5,1,1,1,1,1,5,2
10/25/2017 16:12:12,97731,3,1,5,3,1,1,1,1,1,1,1,1,2,1,5,3,5,2,1,5,5,4,4,5,1,1,1,4,3,2,2,1,1,3,3,4,3,5,1,2,2,1,5,5,5,1,3,4,5,1,5,4,3,2,5,1,2,4,1,2,2,5,1,1,1,2,4,1,4,4,1,1,5,3,5,2,1,1,3,2,4,2,4,5,2,1,2,5,4,5,4,5,2,2,5,4,1,4,5,1,2,1,5,5,2,4,1,2,1,2,1,1,2,3,2,4,2,4,2,1,5,2,4,5,2,1,2,4,3,4,1,3,1,1,5,5,2,2,4,4,4,4,2,4,4,3,4,4,1,3,1,2,1,2,1,3,1,1,5,5,4,4,4,2,1,1,1,1,1,1
10/26/2017 21:41:48,23470,2,1,3,3,3,4,3,4,2,3,2,1,2,3,3,3,2,3,3,1,2,3,3,1,2,4,1,3,3,2,2,1,3,2,2,3,3,4,3,3,3,2,4,3,3,1,1,2,3,4,1,4,3,3,3,2,3,3,3,2,3,3,2,1,2,3,3,2,3,3,1,3,3,1,1,1,1,2,3,3,1,1,2,,2,3,3,4,1,3,3,5,3,2,3,1,3,3,3,3,3,,3,1,3,3,,1,1,2,1,3,2,,2,4,2,4,3,4,1,2,3,3,4,2,3,3,3,3,2,3,3,1,2,2,2,2,3,2,3,3,3,3,2,2,2,4,3,3,3,1,3,3,3,2,3,4,1,3,4,1,3,3,1,2,3,3,3,3
10/25/2017 18:08:38,72385,3,4,4,3,3,3,4,3,3,3,4,3,2,3,2,3,3,3,1,4,3,3,3,3,3,3,4,3,3,5,3,3,3,3,3,3,5,3,4,3,5,1,3,4,3,3,3,1,4,3,1,3,3,4,4,3,3,3,3,3,4,3,3,3,3,3,3,3,4,3,3,2,3,3,3,4,5,1,3,3,3,1,3,3,3,4,3,4,4,5,4,4,3,4,4,4,3,4,4,1,3,3,3,3,3,4,4,3,4,3,3,3,3,4,3,3,3,4,3,3,4,3,2,3,3,3,3,3,3,4,4,3,1,4,3,5,3,3,3,3,3,4,4,3,4,4,3,3,4,3,4,1,3,3,3,3,2,4,3,3,3,3,3,3,3,3,4,3,3,3
10/25/2017 18:23:29,49132,1,4,3,3,1,1,2,2,1,3,2,2,1,1,2,1,3,2,2,1,4,3,3,1,2,3,2,1,1,2,1,2,3,1,1,1,1,2,2,2,3,1,2,2,3,1,2,1,1,3,1,1,1,2,2,2,4,4,2,3,2,1,2,1,1,1,4,3,5,3,2,2,1,1,3,2,3,1,2,1,1,2,2,3,2,2,2,2,3,2,4,3,2,3,2,1,1,1,1,2,1,1,3,2,1,1,1,2,1,1,1,4,2,1,1,1,2,1,1,5,4,2,2,1,1,2,2,4,2,2,1,2,1,1,3,1,3,2,1,2,2,2,2,2,1,2,2,3,2,1,2,1,2,2,2,2,1,3,1,1,1,5,2,3,3,3,3,2,2,3
10/26/2017 11:24:56,94728,3,5,2,1,2,1,1,2,2,2,3,2,3,2,1,1,5,2,2,2,2,3,2,1,1,2,2,1,2,4,1,2,2,1,1,4,2,1,3,1,1,5,2,1,1,1,3,1,1,2,2,1,1,2,1,5,2,2,1,1,1,5,1,3,1,2,3,1,1,2,1,3,3,1,1,1,1,1,1,3,2,2,3,2,4,2,2,2,4,3,1,4,2,2,1,4,1,2,1,1,2,1,1,1,3,1,4,4,2,1,5,4,2,2,2,3,3,1,3,3,2,1,4,2,3,2,2,1,3,2,3,3,1,1,3,1,1,1,3,1,3,1,3,5,4,3,1,3,1,1,2,3,1,1,1,1,1,1,2,1,1,1,1,4,3,2,3,3,2,2
10/25/2017 18:42:39,22118,1,4,3,5,2,3,4,3,2,3,3,1,4,3,3,4,4,2,4,5,2,4,3,4,3,4,2,5,5,5,5,3,4,1,4,4,4,5,5,2,4,2,5,4,3,1,1,1,1,5,1,2,1,3,5,5,4,5,3,3,3,5,5,2,3,4,5,3,5,5,3,4,3,4,3,3,5,5,4,4,3,4,3,5,3,3,4,,4,4,5,2,3,,3,4,5,4,5,1,2,5,1,2,4,2,4,4,3,5,5,3,4,3,2,5,3,3,3,4,4,3,3,5,1,5,4,4,4,4,4,1,3,3,5,5,4,3,5,1,4,4,4,4,5,4,4,2,5,3,5,3,1,4,5,2,4,5,4,5,4,1,4,3,3,4,5,4,3,5
10/25/2017 18:53:36,64239,1,1,1,1,1,1,1,1,1,1,1,1,1,1,1,1,1,1,1,1,1,1,1,1,1,1,1,1,1,1,1,1,1,1,1,1,1,1,1,1,1,1,1,1,1,1,1,1,1,1,1,1,1,1,1,1,1,1,1,1,1,1,1,1,1,1,1,1,1,1,1,1,1,1,1,1,1,1,1,1,1,1,1,1,1,1,1,1,1,1,1,1,1,1,1,1,1,1,1,1,1,1,1,1,1,1,1,1,1,1,1,1,1,1,1,1,1,1,1,1,1,1,1,1,1,1,1,1,1,1,1,1,1,1,1,1,1,1,1,1,1,1,1,1,1,1,1,1,1,1,1,1,1,1,1,1,1,1,1,1,1,1,1,1,1,1,1,1,1,1
10/25/2017 18:54:50,21117,1,1,3,5,1,3,4,2,4,1,2,4,5,4,3,3,3,1,2,5,3,2,2,1,1,3,2,4,1,3,1,4,4,4,3,4,2,5,3,4,4,1,4,4,5,1,5,1,5,1,2,4,3,3,4,2,1,4,3,4,3,1,5,1,3,3,5,4,3,4,3,5,1,4,1,4,1,2,4,3,1,3,3,5,4,4,5,3,3,5,4,5,1,4,4,2,4,5,2,3,4,1,2,3,2,5,3,1,1,1,3,4,3,1,2,5,4,3,4,1,1,1,1,2,3,1,5,4,5,4,4,3,3,5,2,5,5,4,3,2,5,3,3,3,5,5,4,5,2,4,4,5,1,3,5,1,4,4,5,5,5,5,5,3,1,5,1,3,4,5
10/25/2017 20:04:49,23189,3,5,1,4,3,1,3,2,3,2,1,2,2,3,3,3,5,2,3,5,1,4,3,1,3,1,1,4,2,4,4,4,4,2,1,5,4,2,2,3,3,1,3,3,4,1,1,3,3,2,3,1,2,1,2,5,4,1,4,2,4,2,4,1,3,2,4,1,4,3,1,4,5,1,5,1,2,1,2,1,2,1,1,3,4,1,1,5,2,5,3,5,1,1,5,3,3,5,3,2,3,4,1,4,3,4,3,3,1,1,1,2,3,4,3,1,3,3,2,4,1,5,3,3,4,2,3,5,3,3,1,4,5,1,3,1,3,1,1,4,3,3,1,4,2,3,3,1,1,1,1,1,1,3,3,1,3,1,1,5,2,4,4,3,3,2,3,3,3,3
10/25/2017 20:42:53,84594,,1,,,1,1,2,2,,1,2,3,,2,3,1,4,,1,3,,,,,,1,1,,,,,1,2,1,1,,1,,1,1,1,,,1,,1,,,,,,1,1,,,,1,,1,1,,1,,,1,2,,1,,,1,,2,,4,,,2,,,2,,1,1,1,,,,,2,3,2,,,,4,1,2,,1,1,1,3,1,,1,1,3,1,,,,1,1,,,,,1,1,,1,,1,,2,1,2,3,1,,1,2,1,3,,,1,,2,1,3,,,,,1,,1,,,1,1,1,,,,,,,,,2,,2,2,1,1,,
10/25/2017 21:09:23,79293,1,2,2,3,4,3,2,2,3,1,2,2,4,2,2,1,2,3,2,2,2,1,2,1,3,2,2,2,2,4,3,3,4,4,1,3,3,4,2,2,3,5,4,3,2,1,1,1,2,3,4,1,2,2,2,5,3,4,3,3,2,4,3,1,3,3,2,2,2,3,2,2,1,1,4,3,4,3,2,3,2,3,2,4,2,3,2,2,3,2,2,2,3,4,3,2,4,2,3,2,4,2,3,3,2,3,3,1,2,1,3,2,3,2,3,2,3,5,1,3,4,4,2,2,4,2,3,3,4,2,2,2,3,2,2,4,2,3,2,2,2,3,3,2,3,4,3,4,2,4,3,5,3,3,3,3,1,3,3,2,4,4,3,3,2,2,2,2,2,2
10/25/2017 21:46:03,64072,4,3,5,5,4,3,5,2,3,2,2,2,1,3,2,5,5,5,4,2,3,4,4,3,4,4,5,5,5,4,2,4,2,5,2,5,5,5,5,4,4,3,5,4,4,2,4,4,2,2,1,2,4,5,4,2,2,3,2,2,2,4,4,5,2,4,2,5,5,5,2,2,4,4,5,3,4,5,2,3,3,4,3,4,5,4,3,5,2,5,4,5,5,5,4,1,3,5,5,3,3,5,5,3,2,2,1,3,3,4,4,1,3,4,4,4,1,4,3,5,3,5,5,4,1,3,3,4,2,4,4,2,2,2,4,5,4,5,5,2,1,3,4,3,4,3,4,2,2,3,3,1,3,3,5,5,4,3,4,5,5,4,5,2,2,5,2,3,3,2
10/25/2017 22:02:22,30953,1,3,1,1,1,1,1,1,1,1,1,1,1,1,1,1,3,1,1,5,1,1,1,1,1,1,1,1,1,1,1,1,1,1,1,1,1,1,1,1,1,1,1,1,1,1,1,1,1,1,1,1,1,1,1,1,1,1,1,1,1,1,1,1,1,1,1,1,2,1,1,1,4,1,1,4,1,1,1,1,1,1,1,1,1,1,1,2,1,4,1,1,1,1,1,1,1,1,1,1,1,1,1,1,1,2,1,1,1,1,1,2,1,4,1,1,1,1,1,1,3,1,1,1,1,1,1,1,1,1,1,1,1,1,3,3,1,1,1,1,1,1,1,1,1,1,1,1,1,1,1,1,1,1,1,1,1,1,3,1,1,1,1,1,1,1,1,1,1,1
10/25/2017 22:28:05,23792,2,2,2,2,4,3,5,3,3,3,3,4,2,4,3,4,3,2,2,3,2,3,3,3,4,3,5,3,4,3,3,5,3,3,2,3,3,2,4,3,3,2,3,2,3,2,4,2,3,2,2,2,2,3,5,2,3,2,3,3,3,3,3,3,3,3,3,3,2,4,2,2,2,2,4,3,3,3,3,5,2,2,3,2,3,3,3,3,3,5,3,3,4,3,3,2,4,3,2,2,2,4,5,3,3,3,2,3,4,3,2,3,4,2,2,3,5,3,3,5,4,4,2,3,2,4,2,2,3,4,4,3,2,2,2,4,3,2,3,4,3,4,3,2,3,2,2,2,2,3,2,2,3,2,3,2,2,3,2,3,3,3,2,3,3,5,3,3,2,3
10/25/2017 22:28:36,71684,2,2,5,3,2,4,4,3,4,4,3,3,3,5,3,4,4,3,2,2,3,1,3,1,2,3,3,3,1,5,1,3,5,1,4,2,1,3,4,4,3,1,4,2,4,2,2,1,1,5,4,1,4,4,1,1,4,4,3,4,2,2,4,1,1,4,3,2,3,3,3,4,4,1,1,3,4,3,3,3,1,1,5,5,2,4,4,3,2,4,2,3,4,5,4,3,4,2,2,4,2,1,4,1,2,4,4,4,4,1,3,4,4,4,1,4,3,1,1,4,4,1,5,4,3,5,4,2,4,3,3,3,3,2,2,1,4,4,5,4,1,3,5,2,2,5,4,1,4,5,3,3,2,4,4,1,4,4,1,2,2,2,4,4,4,5,4,4,4,4
10/25/2017 22:41:34,23192,2,2,3,4,2,2,2,3,2,3,2,3,2,2,3,3,5,3,2,5,2,3,3,2,2,3,2,4,4,3,3,2,3,3,2,4,4,4,2,3,2,3,4,2,4,3,2,1,1,2,1,4,2,3,4,1,2,1,2,2,2,3,3,2,2,3,3,1,3,3,2,2,4,4,3,2,2,1,5,3,3,4,2,5,4,3,4,5,2,5,5,4,1,2,4,2,4,4,5,1,2,3,4,3,3,3,1,3,2,1,2,4,2,3,1,2,1,2,2,4,3,2,2,2,3,3,1,3,2,2,2,2,3,2,3,4,2,2,2,2,3,4,3,1,2,4,3,2,3,3,3,2,1,3,3,1,2,4,,4,4,2,3,2,2,1,2,3,2,3
10/25/2017 22:54:53,92919,3,3,5,4,4,4,5,4,3,5,4,4,4,5,4,4,5,5,2,2,4,4,3,3,5,4,5,4,4,4,2,4,4,4,3,5,5,5,5,3,4,2,4,4,4,4,4,2,5,4,4,3,4,5,4,2,3,3,3,3,4,5,4,3,4,4,2,3,4,5,3,3,4,4,4,5,4,2,4,4,4,4,4,5,4,2,3,5,4,5,5,3,5,3,4,3,4,3,5,2,5,4,5,4,3,4,3,4,4,4,4,3,5,4,4,3,5,4,3,4,5,4,4,4,4,3,4,4,3,4,5,3,3,5,5,4,3,4,3,3,3,3,4,3,5,5,4,4,4,4,2,2,4,4,3,3,4,3,2,5,4,4,5,5,5,4,4,4,3,5
10/25/2017 23:10:16,91709,,,,,,,,,,,,,,,,,,,,,,,,,,,,,,,,,,,,,,,,,,,,,,,,,,,,,,,,,,,,,,,,,,,,,,,,,,,,,,,,,,,,,,,,,,,,,,,,,,,,,,,,,,,,,,,,,,,,,,,,,,,,,,,,,,,,,,,,,,,,,,,,,,,,,,,,,,,,,,,,,,,,,,,,,,
10/25/2017 23:26:17,75280,1,3,2,,,,1,,3,1,2,,,,,,,3,2,2,1,,4,,,1,1,1,2,4,1,,,,1,,1,3,,,5,,4,4,,,2,1,,,,5,,,2,2,,5,,,1,,,1,,,,1,2,,4,1,3,1,,,,1,3,,1,2,,,2,,,,,4,,,1,,2,5,3,4,3,1,,,,4,2,1,1,2,,,1,,,,1,1,,,,4,,,,4,4,,2,,1,2,,,,,2,1,,3,,5,2,4,4,,1,3,1,1,1,,2,4,1,2,,,,,1,5,,2,,4,,3,,,2,
10/25/2017 23:37:57,81514,2,2,3,3,1,2,4,1,3,1,1,1,1,1,3,1,4,4,4,2,1,2,2,1,4,4,3,4,3,1,1,1,2,1,3,3,2,2,4,3,1,1,3,2,5,4,3,1,1,4,2,2,2,5,1,1,4,3,1,1,2,1,4,1,1,4,3,4,1,4,1,1,1,2,1,1,4,1,3,3,1,1,2,4,4,1,2,2,2,4,3,4,4,1,1,1,1,2,5,1,3,1,1,1,4,4,1,3,1,1,2,1,4,1,1,1,1,3,3,5,2,4,3,4,1,3,1,3,3,1,2,1,2,2,4,1,2,2,1,2,1,1,5,1,2,4,1,4,4,2,1,1,2,3,4,2,3,1,4,5,2,4,2,1,1,1,1,1,1,2
10/26/2017 1:45:51,53027,2,1,5,5,5,2,4,4,5,3,1,2,5,3,1,3,5,5,3,5,2,5,5,3,5,5,5,5,4,5,5,4,2,5,5,2,5,5,5,3,3,1,5,4,3,3,5,1,5,5,1,5,1,4,5,4,4,4,2,2,4,4,5,4,2,5,5,4,5,5,1,1,5,4,5,1,5,1,4,4,4,1,4,5,3,4,3,5,3,5,4,1,4,1,2,4,4,3,5,1,5,1,5,1,4,5,1,5,1,2,5,2,5,5,2,1,5,5,1,4,4,1,5,5,5,3,5,5,1,4,3,3,1,1,3,5,5,1,3,5,2,4,5,1,4,1,3,1,4,1,5,1,3,5,5,5,3,3,5,5,3,3,5,2,2,3,4,3,4,3
10/26/2017 17:10:26,97832,3,4,2,4,4,5,3,5,5,2,2,4,3,4,3,4,4,3,2,1,1,4,4,2,4,4,4,4,4,4,1,4,3,4,4,5,5,5,3,4,5,1,4,5,5,1,4,2,4,1,1,1,3,4,5,4,3,3,4,4,3,5,3,4,3,4,5,4,5,4,4,2,5,4,4,2,1,2,4,4,2,4,1,5,2,2,4,5,4,4,4,5,3,4,5,5,5,5,4,3,3,2,4,5,4,4,4,2,3,4,3,4,3,5,2,1,3,3,4,3,3,4,4,3,5,2,3,3,4,4,4,2,2,3,4,5,4,1,4,4,3,2,4,4,1,1,3,3,1,4,5,1,2,4,4,4,4,4,5,5,5,4,5,3,4,2,3,5,5,5
10/26/2017 11:34:06,19760,1,2,3,4,1,3,1,2,3,3,4,4,5,1,2,2,4,1,3,1,1,1,1,1,2,3,1,3,1,2,1,1,3,3,3,2,1,1,3,3,4,4,3,1,2,1,3,1,3,4,1,3,1,2,3,1,3,2,2,2,3,1,2,2,3,4,1,2,3,1,2,2,1,2,2,4,1,3,3,2,4,2,4,5,1,3,1,3,4,4,1,3,4,4,4,4,1,3,4,2,4,1,1,3,2,3,4,4,1,1,5,5,3,1,1,2,3,1,1,4,5,1,4,5,2,2,3,4,2,4,4,2,2,1,1,1,4,1,1,1,3,3,3,3,2,4,1,1,1,1,1,3,1,1,1,1,1,2,3,2,2,4,1,5,4,2,3,2,4,3
10/26/2017 11:46:03,17395,2,2,3,3,2,2,1,3,3,2,2,2,3,3,2,3,3,1,2,2,2,3,3,2,2,2,2,3,3,4,3,3,3,3,4,4,2,4,2,2,3,2,3,2,2,1,2,2,4,4,1,3,3,1,3,5,3,2,2,3,2,4,2,2,3,2,3,2,3,4,2,2,2,2,3,2,3,3,2,2,1,2,2,2,3,3,3,3,4,4,3,2,3,4,3,3,3,4,4,2,3,1,4,4,2,3,3,4,1,1,4,2,2,2,2,4,3,3,2,4,2,2,2,2,3,3,3,3,3,2,2,2,3,2,2,4,2,2,2,3,3,3,4,3,2,3,2,2,4,3,3,2,2,3,3,3,2,3,4,3,2,4,2,3,3,3,2,2,2,3
10/26/2017 12:05:27,90815,3,3,5,3,2,4,3,5,4,2,3,3,3,3,5,4,5,2,4,3,3,3,,3,3,2,3,5,3,4,2,3,3,5,5,5,3,5,4,1,4,3,5,4,2,1,4,2,3,1,1,3,4,5,5,4,,4,3,3,5,5,5,5,4,5,4,2,5,5,,4,3,2,4,3,5,5,4,5,3,5,4,5,2,4,4,4,2,5,5,4,4,3,4,5,5,5,4,2,2,1,5,4,4,5,1,4,3,4,4,3,3,,3,1,3,1,3,5,5,2,3,5,2,4,4,5,3,4,1,3,1,4,5,5,4,4,2,4,2,4,3,5,5,5,3,4,4,3,5,1,2,4,3,3,4,3,3,3,3,5,5,5,2,3,4,3,4,3
10/26/2017 12:21:53,19817,3,4,5,3,5,3,4,4,4,3,5,4,4,4,3,4,5,3,3,4,3,3,,4,4,2,4,5,2,5,2,3,4,2,3,5,4,5,3,4,4,2,3,4,4,2,4,3,5,3,3,3,2,4,4,4,,5,5,3,4,4,5,3,3,4,5,3,4,5,,4,5,3,5,4,4,3,4,5,3,4,4,5,3,4,3,4,4,5,4,5,4,5,3,5,3,4,3,2,3,5,2,4,5,4,4,4,4,2,3,4,3,,4,2,4,3,5,4,5,3,3,5,2,3,4,5,3,4,3,2,3,4,4,5,4,5,5,5,4,4,4,4,4,4,3,2,4,2,5,5,4,5,5,4,3,3,5,4,5,5,4,4,5,3,4,4,4,4
10/26/2017 12:46:43,55174,4,3,4,4,5,3,4,4,3,3,3,4,3,3,3,5,5,1,3,3,3,4,,1,4,4,3,3,2,4,2,1,3,4,4,5,2,4,3,4,4,4,3,3,3,3,5,4,4,4,4,4,3,4,4,4,,4,4,4,2,2,4,4,4,3,4,5,5,4,,2,4,3,2,5,5,4,5,5,4,4,5,3,2,3,3,3,4,5,5,3,3,3,4,4,5,5,3,4,2,4,5,4,5,3,1,1,5,2,5,4,3,,2,5,4,2,5,1,3,1,4,4,1,3,4,4,4,4,3,2,3,2,,5,3,4,3,4,2,2,5,4,3,4,3,4,2,2,5,3,4,,5,2,2,4,5,4,3,5,3,4,5,4,4,3,3,3
10/26/2017 13:09:45,10711,2,1,1,1,1,2,2,3,4,1,1,2,1,1,1,2,2,1,2,2,4,1,,2,2,2,2,1,1,2,1,2,2,1,2,1,1,1,2,3,4,2,2,1,1,3,1,1,3,3,4,1,1,2,2,,,1,2,1,2,2,1,1,2,2,1,2,1,2,,2,1,2,3,2,3,2,1,1,2,2,2,1,2,2,2,1,2,1,1,2,3,3,1,1,3,1,1,3,1,1,1,2,3,2,1,2,2,1,2,2,1,,1,2,2,2,2,1,3,2,2,2,2,1,2,2,2,3,2,5,1,1,1,2,2,1,2,3,2,2,1,1,2,3,2,1,1,4,4,4,2,1,3,1,1,3,2,1,2,1,3,1,2,2,1,1,1,2
10/26/2017 14:16:27,85889,1,4,2,4,2,3,3,3,3,4,3,3,3,2,4,2,2,5,2,5,2,2,,3,3,4,2,5,4,4,2,1,5,5,3,4,2,2,3,4,5,4,3,3,2,1,2,4,3,3,2,3,2,3,3,3,,4,3,4,2,4,3,2,2,4,,2,3,,,3,5,2,2,2,3,2,2,4,2,4,3,2,3,4,2,3,5,2,4,3,4,3,3,3,4,4,4,3,3,2,3,2,4,3,4,4,4,2,4,5,3,,1,2,2,2,2,2,2,2,3,3,3,5,5,3,3,4,3,3,3,2,4,3,2,4,2,3,4,3,3,3,4,3,1,3,2,3,3,3,2,4,4,2,1,5,4,2,2,4,2,3,4,4,4,3,3,3
10/26/2017 15:15:27,98039,2,3,4,2,2,3,2,2,2,4,2,2,2,1,3,4,2,4,1,4,1,4,,2,2,3,4,4,2,5,3,1,4,1,4,5,3,4,4,2,2,1,4,3,5,2,3,1,2,1,1,4,4,3,4,2,,2,2,2,2,4,4,2,2,3,4,2,2,4,,2,2,3,3,2,2,1,3,4,1,4,4,5,4,2,4,4,4,5,2,2,3,1,2,2,2,4,4,2,3,1,1,4,2,3,1,2,2,1,4,5,2,,4,1,4,4,1,2,4,3,2,4,1,4,4,4,3,3,1,2,2,2,3,1,2,3,4,2,2,2,4,4,5,3,4,4,3,5,4,4,3,4,5,3,3,2,2,4,4,3,1,1,2,2,3,4,3,4
10/26/2017 15:34:00,64740,1,5,3,2,3,2,2,3,3,2,3,3,3,1,2,2,4,2,1,1,2,2,,1,3,2,1,2,2,5,2,2,2,2,3,4,1,3,2,1,2,1,3,2,4,1,2,1,1,3,1,3,3,2,3,2,,3,3,3,3,2,2,2,3,3,2,2,2,3,,2,3,2,2,2,3,1,2,2,1,2,5,4,2,3,3,3,4,3,3,1,2,2,2,2,2,2,2,2,2,1,2,3,3,3,4,2,2,1,3,4,3,,4,3,4,3,4,4,4,3,2,3,1,2,2,3,5,2,2,1,2,3,2,2,3,2,1,1,4,3,4,3,4,5,3,3,4,3,3,2,3,2,2,3,1,2,4,1,1,3,2,3,2,3,2,3,2,2
10/26/2017 16:57:33,77270,4,4,3,5,4,5,2,4,3,4,4,4,3,1,4,5,5,5,4,5,4,4,,3,4,4,3,5,3,2,3,3,4,4,3,3,4,5,4,5,2,1,4,4,4,3,3,1,1,3,1,4,4,4,4,4,,4,2,4,5,4,4,4,4,5,1,3,4,5,,4,4,5,1,4,3,1,4,4,4,3,3,5,4,4,4,4,4,5,3,2,4,5,4,4,3,4,4,4,4,1,5,2,4,3,1,3,4,4,2,4,4,,3,1,4,2,3,3,3,1,5,4,1,2,3,4,2,4,4,3,3,3,3,3,3,4,5,4,2,4,4,4,4,4,3,4,2,1,3,1,3,3,4,3,5,4,5,3,5,4,3,5,3,4,5,4,4,5
10/26/2017 16:19:31,Aashir,2,2,2,4,2,2,2,1,2,2,2,3,2,2,2,2,2,2,2,2,2,3,,2,2,2,1,2,2,2,2,2,2,2,2,2,2,2,2,2,2,1,2,2,2,2,2,2,1,2,1,3,2,1,2,2,,2,3,2,2,2,2,2,1,2,2,3,4,4,,2,2,2,2,2,2,2,2,2,2,1,2,2,2,2,2,2,2,2,2,2,2,2,3,2,2,2,4,2,2,5,2,2,2,4,1,2,2,2,2,2,2,,2,2,3,2,2,2,5,4,2,5,2,2,2,2,2,2,2,2,2,2,4,2,2,2,2,2,2,2,2,2,2,2,2,2,2,2,5,2,2,2,2,2,2,2,2,2,2,2,3,2,2,2,2,2,2,3
10/26/2017 17:00:22,60438,,1,5,,,3,5,,,,4,,,4,,,,1,,,,,,,,,,,1,3,,2,5,,,5,,,,2,,,,5,,,,2,3,,,,,5,,,,,,4,,5,,,,,5,,,,,,,2,,,,2,,,1,,2,,,,,,,,,,5,,,,2,4,,,,,,,,,2,5,,,,3,,,,,,,,,2,,,,,,,5,,,,,4,,,,,5,,,1,,,,,4,,,,,,,,,,,4,,,,4,,,,4,,,,,
10/26/2017 17:42:53,50056,1,2,3,2,1,4,4,4,4,3,4,3,1,2,4,4,4,3,2,3,1,3,,2,3,2,4,2,4,1,2,1,4,4,2,3,2,5,2,2,1,1,2,2,2,2,1,1,4,1,3,1,2,4,4,1,,3,1,5,2,4,2,2,2,4,5,1,2,4,,1,3,2,1,1,4,1,4,2,2,3,4,4,4,1,4,4,4,4,1,4,5,4,2,5,3,4,4,1,2,2,4,1,4,3,1,5,1,2,4,1,1,,3,,2,3,2,3,4,4,5,4,5,4,1,2,1,2,1,1,2,1,3,1,5,4,1,1,1,4,2,2,3,3,2,2,2,2,3,3,1,4,3,2,1,2,4,4,3,2,4,5,2,1,2,4,2,1
10/26/2017 19:19:50,81880,2,1,3,4,2,2,3,2,3,2,4,1,4,4,1,4,5,3,3,4,2,4,,1,3,4,1,4,2,3,1,4,4,1,3,4,5,3,4,2,2,1,2,5,3,1,5,1,4,5,3,1,1,5,2,1,,4,3,2,1,2,3,3,2,3,1,3,1,5,,2,2,2,3,2,1,2,1,3,4,1,1,5,2,2,2,3,1,5,3,4,4,1,5,2,4,1,2,3,3,4,4,4,2,2,2,1,2,1,2,1,3,,2,1,5,2,1,5,3,5,5,1,3,4,1,4,2,3,1,2,2,1,5,3,2,1,1,4,2,5,4,1,2,4,2,4,2,1,1,2,1,1,3,4,1,2,5,4,1,4,5,1,4,2,3,4,1,3
10/26/2017 20:07:20,10842,1,4,4,3,3,3,2,3,4,4,3,3,4,3,3,3,4,3,2,3,2,4,,2,3,4,1,3,1,5,3,3,4,3,3,5,2,3,3,2,5,1,4,3,3,1,2,1,3,1,3,1,3,3,3,4,,4,5,3,3,3,3,1,5,2,5,3,4,3,,3,4,1,3,2,3,2,2,2,1,3,3,3,4,4,3,4,4,5,4,3,2,3,3,3,4,2,1,2,3,1,3,3,3,4,2,4,2,1,4,3,3,,3,5,3,1,2,5,4,1,3,4,4,4,3,2,3,3,2,2,3,2,3,1,3,3,3,4,5,3,3,3,3,3,2,1,2,2,2,1,3,2,2,2,1,3,4,3,1,4,3,3,5,3,3,3,3,3
10/26/2017 20:14:36,69225,3,3,4,4,4,3,2,3,4,2,3,3,3,3,3,4,4,4,3,3,3,3,,4,3,3,3,3,3,3,4,3,4,4,3,3,3,4,4,4,3,4,2,4,3,3,4,3,3,3,3,3,3,3,4,3,,3,4,3,3,3,3,4,3,2,2,2,3,3,,3,3,3,3,3,2,2,3,3,3,4,3,3,3,4,3,3,3,4,3,4,3,4,3,4,4,2,4,3,3,3,3,3,2,3,3,3,4,2,4,4,4,,4,3,3,3,3,4,2,3,3,4,4,3,3,4,3,3,3,3,4,3,3,3,3,3,4,4,3,4,3,3,4,4,4,3,3,2,3,3,4,4,3,4,2,3,4,3,2,3,4,3,3,3,2,3,3,3
10/26/2017 20:35:03,35035,1,5,4,1,1,1,3,1,3,1,1,3,3,5,5,1,1,1,2,1,2,4,,1,1,1,1,5,1,3,5,1,4,4,1,5,5,5,3,1,5,1,4,4,5,5,5,1,5,1,5,1,5,3,2,1,,1,1,1,4,1,4,1,2,2,1,1,1,5,,2,3,4,3,1,5,1,2,1,1,1,4,5,1,1,4,5,3,3,1,5,1,2,5,5,1,5,5,2,1,1,1,1,3,2,1,2,1,5,1,3,1,,4,1,5,5,1,1,4,1,1,5,1,5,2,3,1,5,2,4,1,1,1,3,3,2,5,1,4,2,5,2,1,1,1,2,5,1,4,1,1,5,4,5,1,4,1,5,2,5,5,5,2,3,1,1,1,5
10/26/2017 20:56:23,97018,2,4,4,3,4,2,2,3,3,2,4,3,3,2,5,3,1,3,2,3,3,3,,1,3,3,1,4,4,5,4,3,3,4,2,2,2,4,4,4,2,3,4,5,3,1,2,1,3,5,1,2,1,2,4,2,,4,2,3,3,5,3,1,4,5,5,3,4,5,,2,3,3,2,2,4,2,3,4,2,1,3,5,3,2,4,4,4,5,4,3,2,5,3,1,3,4,2,2,2,1,4,4,4,1,1,2,3,1,3,2,3,,3,3,1,4,4,4,3,1,4,4,5,3,1,3,4,2,5,2,3,2,3,4,3,4,1,4,1,4,4,4,3,5,1,3,2,1,2,1,1,2,2,2,1,3,5,2,2,4,3,4,3,2,4,3,4,3
10/26/2017 20:59:36,88838,4,4,4,3,4,2,2,4,2,4,4,2,4,1,2,3,4,2,3,3,4,4,,2,3,4,2,4,4,3,4,2,4,5,2,3,3,2,2,5,4,1,4,2,4,2,3,,1,2,3,3,3,3,4,4,,4,4,4,2,5,2,3,3,4,2,3,4,3,,3,4,4,2,4,4,3,2,3,3,2,1,3,5,3,3,4,3,5,4,5,2,3,3,4,3,2,2,2,3,5,5,3,3,4,5,4,2,3,2,4,3,,3,3,4,1,2,5,4,3,4,3,3,3,3,3,4,4,4,4,3,3,4,2,3,4,4,1,2,3,5,4,3,5,4,2,4,2,2,2,4,2,3,1,2,3,4,4,1,2,3,4,5,3,3,4,5,3
10/26/2017 21:00:45,74737,1,1,,2,2,1,,1,3,5,,1,,1,1,1,2,5,,1,5,1,,5,1,2,1,5,1,1,2,1,5,,1,2,,,,1,5,1,5,,1,,,,5,,5,5,1,1,,3,,,3,1,,2,1,,,1,,1,,4,,5,1,4,,5,2,2,1,1,5,1,5,1,1,1,5,,1,,,,1,,3,2,1,1,1,1,5,5,,1,1,1,5,2,5,5,1,1,2,,5,1,1,1,,2,1,,1,2,,2,5,1,5,1,1,,,5,5,1,,,,,5,,3,1,,1,,1,,1,1,5,5,1,,1,1,1,,,3,4,5,,2,1,5,1,5,1
10/26/2017 22:45:33,62313,3,1,2,3,2,1,2,2,3,2,2,2,1,2,1,2,1,1,2,2,1,2,,2,1,2,2,2,1,2,4,1,1,1,4,1,1,2,1,1,2,1,3,1,1,2,1,2,1,2,4,2,3,1,2,2,,2,1,1,2,1,2,2,1,2,3,2,2,2,,2,2,2,1,1,2,2,2,4,2,2,2,4,1,1,2,1,1,1,2,3,1,2,2,1,1,1,3,1,3,1,2,1,2,3,2,3,1,1,1,2,2,,1,1,3,2,1,2,2,1,1,2,2,1,1,4,2,1,2,1,2,1,2,1,2,1,2,1,4,1,1,2,1,1,1,2,1,2,2,2,2,3,1,4,2,1,2,4,2,1,2,2,1,3,2,2,2,2
10/26/2017 23:27:02,56677,4,2,4,2,2,2,3,2,5,2,3,4,3,1,2,3,3,4,3,1,2,3,,3,3,2,4,4,3,5,3,5,2,3,4,2,3,2,3,5,3,3,2,2,2,2,4,2,5,5,2,5,3,3,5,4,,5,2,3,3,3,4,3,3,1,3,3,5,3,,2,5,4,4,2,2,4,4,1,5,4,4,1,5,3,4,2,4,5,4,2,3,3,3,4,5,5,1,2,4,2,1,4,4,4,1,4,1,2,4,5,5,,4,3,5,4,4,4,1,4,5,3,5,4,2,5,3,2,2,5,5,3,3,4,5,2,5,3,1,5,3,4,3,2,2,3,3,3,3,1,3,5,4,2,1,3,1,4,3,2,5,5,5,4,5,2,2,2
10/26/2017 23:39:59,42533,1,1,4,3,1,1,1,1,1,1,1,1,1,2,3,4,3,1,2,1,2,4,,1,1,2,1,4,2,2,4,1,1,3,1,1,3,3,2,2,1,1,3,3,4,1,1,2,4,1,1,1,2,1,3,4,,1,4,1,2,4,2,1,1,1,5,1,2,3,,1,4,2,1,1,4,1,1,2,1,1,2,3,3,1,2,5,2,5,3,2,1,2,3,1,1,4,5,2,1,5,2,1,1,3,1,1,1,4,1,1,1,,1,1,1,3,1,5,3,4,2,3,4,3,2,3,3,2,2,1,1,2,2,3,1,3,1,1,4,1,2,1,2,2,1,1,1,3,3,2,3,1,2,1,1,4,4,2,4,4,3,1,1,1,1,1,1,1
10/27/2017 0:16:24,76766,1,5,2,,2,2,4,2,2,4,1,4,3,2,2,3,3,2,3,4,1,1,,4,3,3,1,1,2,3,3,1,3,2,3,1,1,2,1,1,3,1,4,1,2,1,2,1,4,1,1,1,2,2,2,3,,3,3,2,2,1,3,3,2,4,2,2,3,3,,4,1,2,5,3,1,2,3,2,1,1,2,3,2,4,4,4,4,5,4,3,3,4,4,1,2,3,1,3,1,1,1,3,4,3,1,3,2,2,2,4,3,,1,2,3,1,2,2,3,4,4,2,1,4,4,3,3,3,3,4,3,1,4,2,4,3,2,5,4,3,2,2,2,1,2,2,1,3,4,1,3,2,3,2,2,5,2,3,3,5,1,2,4,3,3,3,3,3
10/27/2017 14:58:38,supermariosubmarine,1,2,4,2,2,2,1,1,1,,1,2,3,1,3,3,4,3,2,3,1,1,,1,1,2,1,2,1,3,3,2,1,4,1,2,2,3,1,1,1,2,2,2,1,1,1,1,1,3,1,1,1,1,1,3,,2,1,2,1,4,2,3,2,4,4,1,1,4,,1,2,1,4,1,3,1,1,1,2,3,3,4,3,2,1,3,4,4,4,1,1,2,3,2,2,4,2,1,1,1,4,2,2,1,3,1,1,1,3,1,1,,1,2,1,2,3,4,1,4,2,1,2,2,2,1,4,2,1,1,1,2,3,1,1,4,1,2,2,1,2,1,2,2,2,1,1,2,2,4,2,3,3,3,1,2,2,2,4,4,4,3,2,2,2,2,1,1
10/27/2017 13:48:40,23477,4,4,4,2,3,3,3,4,4,4,4,4,4,4,4,4,3,4,4,3,4,3,,4,4,4,4,4,3,3,4,4,4,3,3,4,4,3,4,4,3,1,3,3,3,4,3,3,3,4,1,3,3,4,4,5,,4,4,4,4,4,3,3,4,3,4,5,3,5,,3,4,4,3,5,3,3,4,4,3,4,4,4,3,4,4,3,4,3,4,5,5,4,3,2,3,4,4,4,5,4,4,3,5,4,3,4,4,3,4,3,4,,4,4,4,3,3,4,3,4,3,4,3,3,4,3,4,3,4,4,4,2,4,3,4,4,4,4,3,4,3,3,4,4,5,3,4,3,4,1,4,2,4,4,4,5,4,4,4,4,4,4,2,4,4,2,4,4
10/27/2017 15:38:03,46469,4,2,4,4,5,3,4,4,5,4,5,4,5,1,4,4,4,4,4,4,4,4,,2,2,5,5,5,3,4,5,4,2,4,4,3,4,2,5,3,3,3,5,4,4,4,2,3,4,5,3,4,1,5,5,5,,2,4,1,4,5,3,1,4,5,4,4,4,2,,4,4,4,4,4,5,3,2,2,4,4,3,5,4,5,4,4,4,3,4,5,4,4,4,4,5,1,5,1,4,5,4,4,5,5,3,4,4,1,3,5,3,,4,4,4,4,5,4,4,2,4,5,1,4,5,5,5,5,5,5,4,1,4,4,5,1,5,4,3,4,4,5,4,3,5,4,4,5,4,3,4,3,4,5,4,4,4,5,3,5,4,1,4,5,5,4,5,5
10/27/2017 15:45:35,49336,1,2,3,2,2,1,1,1,3,2,2,1,1,3,1,2,5,3,1,1,2,1,,1,2,1,1,2,2,4,3,1,2,1,2,2,1,5,1,1,2,1,1,4,3,1,1,1,4,2,2,1,1,1,2,4,,3,1,1,1,1,2,1,3,2,3,1,2,2,,1,2,1,3,1,1,1,2,1,1,1,3,3,3,1,1,1,3,1,4,3,1,2,3,1,2,4,4,1,1,1,3,1,2,1,2,2,4,1,1,4,1,,5,2,2,2,3,3,3,2,2,3,4,2,2,2,4,1,1,2,1,1,3,1,1,3,1,2,2,2,1,1,1,2,2,2,3,2,1,3,1,3,2,2,1,2,3,3,1,4,4,2,1,2,4,2,2,1
10/27/2017 17:58:23,82131,2,2,5,3,2,2,2,2,4,2,1,2,2,1,2,3,3,,1,3,3,3,,2,3,3,1,4,1,5,4,1,3,3,4,1,1,1,2,1,3,4,2,1,3,1,1,1,2,1,1,2,1,1,4,4,,2,2,2,2,4,3,1,3,3,3,2,2,3,,2,3,1,4,2,3,1,2,3,2,2,5,4,4,1,2,3,3,4,1,4,2,,3,2,4,4,2,1,1,3,2,1,2,3,3,2,1,2,2,2,3,,3,5,4,3,2,4,4,1,2,4,3,3,2,1,4,1,2,3,1,1,3,1,1,1,1,1,2,1,3,3,1,2,1,3,3,1,5,1,3,4,2,4,1,2,2,3,3,4,1,2,1,3,2,2,3,3
10/27/2017 17:59:22,32336,4,2,5,5,5,1,1,1,5,5,1,5,5,5,5,4,5,5,1,5,1,5,,1,5,5,5,5,5,1,5,3,1,1,5,5,1,5,5,2,1,1,5,1,3,2,4,1,5,1,1,2,5,5,5,1,,1,1,3,5,5,5,5,5,5,5,5,5,5,,5,5,5,5,1,1,1,5,3,2,1,2,4,2,5,1,5,3,5,5,5,1,1,1,5,1,5,5,1,5,1,1,5,4,5,1,5,1,5,3,1,5,,1,1,5,5,1,5,5,2,5,5,1,5,4,1,2,5,1,1,5,5,5,5,1,1,2,1,1,5,5,5,5,1,5,2,2,2,1,1,2,3,5,5,5,1,1,5,2,1,1,5,3,1,4,2,5,2
10/27/2017 18:11:21,16492,2,5,5,3,4,3,3,3,3,2,3,3,3,3,3,2,5,3,3,4,3,3,,3,3,3,3,2,4,4,4,3,3,2,4,5,2,2,3,3,4,1,4,3,3,2,2,2,3,1,3,1,1,3,5,2,,3,3,3,3,4,3,3,3,4,3,3,4,4,,3,3,2,4,4,1,2,3,4,4,2,3,3,4,3,3,4,4,4,3,4,3,2,3,3,2,4,3,2,3,1,4,3,4,4,1,2,3,2,3,3,3,,2,2,3,3,3,3,3,3,4,2,4,3,3,3,2,3,3,2,3,2,4,3,3,3,2,3,5,3,3,3,3,4,4,2,4,4,4,5,2,4,3,4,3,3,3,4,3,3,2,3,3,3,3,3,3,4
10/27/2017 19:42:57,57022,3,5,4,4,2,4,3,2,3,4,3,2,2,4,3,4,4,2,3,3,2,3,,2,2,3,2,2,3,4,3,4,3,3,2,3,4,3,3,3,4,1,4,4,4,2,3,2,3,1,1,2,2,3,4,2,,3,3,3,2,5,4,3,4,1,2,2,2,3,,3,4,4,5,3,4,5,4,4,2,3,5,3,2,3,3,4,4,5,3,4,4,4,4,3,4,3,4,3,3,4,5,2,4,2,4,3,3,3,4,4,2,,2,5,3,5,2,4,4,3,3,4,4,3,2,4,2,4,3,3,4,2,2,1,4,3,1,3,1,3,4,2,4,3,2,3,2,2,2,1,1,4,2,3,4,3,2,4,4,4,3,3,3,3,4,3,3,4
10/31/2017 1:37:32,cc123456,2,1,1,1,1,2,2,1,1,2,1,1,2,3,1,2,2,2,1,1,1,1,,2,1,1,1,2,1,1,2,1,2,1,1,1,1,2,2,1,2,2,1,2,1,2,1,1,1,2,2,1,1,2,2,2,,1,1,1,1,2,1,2,2,2,1,1,1,1,,2,3,2,2,2,1,1,1,1,2,2,1,2,1,1,1,1,2,3,1,2,1,1,1,1,1,1,3,1,3,2,2,2,2,2,1,1,2,2,1,1,1,,1,1,3,1,1,3,1,1,1,1,3,2,1,1,1,1,1,2,1,1,2,2,2,1,1,1,1,1,2,1,1,2,2,1,2,2,1,1,2,2,3,2,1,1,2,2,2,1,1,1,1,1,1,2,2,1
10/27/2017 20:59:52,70707,1,2,4,3,3,2,2,2,3,3,3,3,4,2,2,3,4,3,1,3,2,3,,1,3,2,1,4,3,4,4,2,2,3,2,4,4,4,2,1,2,3,3,4,4,2,2,4,2,2,2,3,1,2,4,2,,2,2,3,3,3,3,1,2,3,4,3,3,4,,3,4,2,4,3,4,2,2,3,3,2,3,4,4,2,3,3,4,2,4,2,2,3,2,3,4,4,3,4,2,2,2,2,3,3,3,2,3,1,3,3,3,,3,3,3,4,2,3,1,2,2,2,3,3,3,4,3,2,3,3,3,3,4,3,3,1,2,3,3,3,3,3,3,2,3,3,3,3,2,3,3,3,2,3,2,4,3,4,2,2,3,3,3,4,3,3,3,3
10/27/2017 22:19:36,73512,2,1,3,4,3,4,5,4,5,3,4,4,4,5,3,1,4,1,4,2,3,4,,2,4,2,3,2,2,3,1,5,4,3,2,4,1,3,4,2,3,3,3,2,3,2,4,2,1,3,3,2,2,3,2,1,,3,4,5,4,2,3,2,3,4,2,3,3,3,,5,2,2,5,5,1,4,3,2,2,2,3,2,3,5,2,3,5,5,2,4,4,2,2,,5,3,2,5,5,1,3,1,2,2,3,5,5,1,1,5,4,,2,2,5,3,3,2,2,1,4,2,4,4,3,2,3,3,2,3,4,5,2,1,5,2,5,2,1,2,2,4,2,3,3,3,3,2,4,2,2,4,4,3,1,4,2,2,2,4,3,5,4,5,4,5,4,3
10/27/2017 22:22:11,16801,1,2,3,2,1,1,1,4,2,3,1,2,2,1,1,2,4,1,2,3,1,1,,1,1,1,1,2,1,3,2,1,2,2,2,1,1,3,2,1,2,1,3,2,2,1,1,1,2,1,1,1,3,1,3,2,,2,2,2,1,1,1,3,2,3,3,1,2,2,,2,1,1,1,1,1,1,2,1,2,1,2,2,3,2,4,2,2,4,2,1,1,3,1,3,3,2,5,1,1,4,3,1,1,3,3,2,1,1,4,2,1,,2,3,1,3,4,2,2,1,3,3,1,1,1,1,2,1,2,1,,1,1,1,1,1,1,2,2,2,3,3,3,3,2,1,1,3,1,1,3,3,1,1,1,3,3,2,1,1,2,2,3,1,3,2,2,2
10/28/2017 0:13:15,36158,1,5,1,2,1,1,1,1,1,2,1,3,1,1,3,2,2,1,2,2,1,3,,1,1,2,1,1,1,2,3,1,2,1,1,4,1,1,1,1,1,1,1,1,1,1,1,1,3,1,3,1,1,1,3,4,,3,1,2,1,2,1,1,2,1,4,2,2,2,,1,1,1,5,2,3,1,1,1,1,1,1,2,1,2,1,1,1,1,1,1,1,1,1,1,1,4,1,1,1,1,1,1,2,1,1,2,3,1,2,2,1,,1,1,1,2,1,3,5,1,4,2,1,2,1,1,1,1,1,1,3,1,2,3,2,1,1,1,3,2,1,1,1,1,1,1,1,1,1,1,1,1,1,1,1,1,4,1,1,3,1,1,3,2,2,2,1,2
10/28/2017 12:23:18,38542,3,1,4,2,3,2,3,2,3,2,4,2,3,3,2,2,4,2,3,3,2,2,,3,2,2,3,2,3,4,3,3,4,3,2,4,4,3,3,2,3,1,4,2,3,2,2,2,5,1,1,2,2,3,2,3,,3,3,3,3,4,4,3,2,3,3,3,3,4,,3,3,3,3,3,3,1,2,2,1,2,2,4,5,2,2,3,3,4,2,4,4,2,3,4,3,2,4,4,3,1,1,3,4,4,4,2,4,2,4,3,2,,4,5,2,2,4,5,4,3,3,1,1,2,4,3,3,3,4,3,3,3,4,4,3,4,2,3,2,3,4,3,2,2,3,3,2,2,2,1,2,3,4,4,3,4,4,3,2,3,2,3,4,3,3,2,3,4
10/28/2017 17:10:47,72385,3,4,3,3,4,4,4,5,3,2,2,1,4,3,4,5,4,4,2,4,3,3,,4,4,4,4,3,4,4,4,5,2,4,4,3,3,5,3,3,3,1,4,3,4,4,3,4,5,1,1,3,3,4,4,1,,3,4,4,3,3,4,3,4,4,4,3,3,3,,4,5,3,2,3,4,4,4,4,4,5,4,4,4,4,2,4,4,3,3,4,3,4,4,3,3,4,4,3,3,5,4,2,3,3,2,4,2,4,4,4,3,,2,2,3,5,4,3,,4,4,2,3,3,4,3,3,4,4,3,3,3,4,4,3,4,5,4,4,,3,4,4,3,3,4,4,4,4,1,3,3,3,3,4,3,4,3,4,4,4,4,5,2,3,4,2,4
10/28/2017 18:52:10,74970,3,2,4,5,3,2,1,2,2,3,4,2,3,1,4,1,3,3,4,1,1,4,,2,1,1,3,4,3,1,3,3,4,5,3,2,3,3,4,4,4,2,4,2,2,4,4,4,4,2,2,2,2,1,3,1,,4,3,3,2,2,3,1,1,1,1,2,2,3,,2,4,2,1,3,2,3,3,3,2,1,2,2,2,3,2,2,4,2,4,2,4,4,4,3,2,1,3,3,3,1,5,1,2,2,1,3,2,2,2,2,3,,2,2,4,3,2,3,3,3,5,3,2,3,2,2,1,2,5,1,2,2,2,2,2,3,3,2,3,5,4,1,3,2,3,3,2,2,3,2,1,3,1,2,1,3,3,3,2,3,4,2,3,3,2,5,1,4
10/28/2017 18:53:05,84753,5,1,2,4,3,3,4,2,3,3,2,3,2,4,1,5,3,4,2,5,2,5,,3,3,4,1,2,2,5,3,4,2,3,4,2,5,4,5,5,5,2,5,5,5,4,3,1,2,5,2,4,2,2,3,2,,3,5,2,3,4,4,2,1,5,2,2,5,4,,2,3,4,1,4,3,4,4,3,2,3,2,5,3,4,4,4,4,5,4,5,3,2,3,3,5,3,5,1,2,1,5,3,2,2,1,3,2,4,5,2,4,,3,1,4,4,3,5,3,5,2,4,1,2,2,5,1,4,3,5,4,2,2,1,3,3,4,5,3,3,5,3,3,4,3,3,5,4,2,2,2,3,5,2,3,4,4,5,3,2,1,3,2,2,4,4,2,4
10/29/2017 20:16:24,40100,1,1,1,1,1,1,1,1,1,1,1,1,1,1,1,1,2,1,1,2,1,1,,1,1,1,1,,1,2,1,1,4,1,1,1,1,2,2,1,1,1,1,1,1,1,2,1,1,1,1,1,1,1,1,1,,1,1,1,1,1,1,1,1,2,2,1,1,1,,1,1,2,1,1,1,1,1,1,1,1,3,3,3,2,1,2,2,2,1,2,1,1,1,1,1,1,1,1,2,1,3,1,2,1,1,1,1,1,1,1,1,,3,1,1,1,1,2,1,1,1,1,1,1,1,1,1,2,1,1,1,1,1,1,1,1,1,1,1,1,2,1,1,,1,2,1,1,1,2,1,1,1,1,1,1,1,1,1,1,2,1,1,1,1,1,1,1
10/29/2017 12:29:19,64844,4,4,4,,5,2,5,3,1,4,1,2,3,2,4,4,3,2,1,2,1,3,,1,5,4,2,3,2,3,1,1,4,1,4,2,3,2,1,3,3,1,3,1,2,,1,1,5,2,1,1,1,5,4,4,,5,2,1,1,2,1,4,1,2,3,4,4,3,,5,4,3,5,2,2,2,3,3,1,1,2,1,3,2,1,1,2,5,4,2,5,5,2,4,1,2,1,3,2,1,5,3,2,2,5,3,5,5,3,3,4,,,3,4,1,1,3,2,2,4,2,1,3,1,1,1,1,2,2,4,1,4,1,4,5,1,,1,4,2,4,2,2,1,1,1,2,3,1,3,1,3,1,4,1,2,5,5,3,,2,3,3,1,1,1,4
10/29/2017 14:15:36,50754,4,5,2,3,3,2,1,2,3,1,2,4,3,2,4,5,5,4,2,5,2,5,,1,2,3,1,3,2,4,2,2,5,2,3,5,2,4,4,3,4,4,4,4,5,1,5,3,4,1,4,4,2,3,2,5,,2,2,3,2,5,3,2,4,2,5,2,4,3,,3,1,3,1,2,4,1,3,2,5,1,4,5,2,2,2,5,5,5,4,5,3,1,3,2,3,4,4,3,3,4,2,1,4,5,2,2,5,2,3,4,2,,2,4,2,4,4,4,5,5,5,5,5,3,5,3,5,4,2,1,3,2,4,4,2,4,3,4,5,4,4,2,3,5,4,5,5,5,4,5,5,3,3,4,3,3,5,3,5,4,4,2,2,3,3,3,2,2
10/29/2017 18:16:14,37751,1,1,1,1,1,1,1,1,1,1,1,1,1,1,1,1,1,1,1,1,1,1,,1,1,1,1,1,1,1,1,1,1,1,1,1,1,1,1,1,1,1,1,1,1,1,1,1,1,1,1,1,1,1,1,1,,1,1,1,1,1,1,1,1,1,1,1,1,1,,1,1,1,1,1,1,1,1,1,1,1,1,1,1,1,1,1,1,1,1,1,1,1,1,1,1,1,1,1,1,1,1,1,1,1,1,1,1,1,1,1,1,,1,1,1,1,1,1,1,1,1,1,1,1,1,1,1,1,1,1,1,1,1,1,1,1,1,1,1,1,1,1,1,1,1,1,1,1,1,1,1,1,1,1,1,1,1,1,1,1,1,1,1,1,1,1,1,1
10/29/2017 21:56:33,60312,1,2,4,1,5,1,1,1,4,2,5,1,5,1,1,2,4,5,1,2,1,1,,3,1,1,1,4,2,5,4,1,5,5,5,5,4,5,3,1,4,5,5,5,5,5,2,5,3,5,2,1,3,2,4,5,,1,5,1,3,4,2,1,1,4,5,1,4,4,,1,4,5,1,1,1,1,3,1,4,5,4,5,5,1,2,5,5,4,4,1,1,5,4,1,3,5,5,1,1,1,5,3,1,4,4,1,2,1,3,1,2,,3,5,1,5,1,5,1,3,5,4,4,4,5,5,4,1,1,2,1,1,4,1,1,2,1,1,5,4,5,1,4,4,4,5,3,1,4,5,5,5,2,2,1,3,5,1,1,4,1,1,1,1,1,2,5,3
10/29/2017 22:16:00,87150,2,2,4,2,4,3,2,3,4,4,3,2,2,4,3,3,2,4,2,4,4,4,,1,3,2,2,3,3,2,2,2,4,3,4,4,5,5,3,2,2,2,3,2,5,2,1,2,3,3,2,2,4,3,4,4,,3,3,2,4,4,3,3,3,4,4,4,4,2,,3,4,2,2,3,3,2,2,3,3,3,4,4,2,3,3,4,2,4,4,3,2,3,3,4,4,4,4,3,2,2,4,3,3,2,3,3,5,2,3,2,4,,3,1,3,3,2,5,2,3,4,2,3,2,3,4,3,3,3,4,2,2,2,1,4,5,5,3,4,3,4,3,2,5,3,2,2,3,4,5,3,4,2,2,3,4,4,4,1,2,4,3,4,3,3,3,3,3
10/29/2017 23:27:04,23903,1,2,2,3,3,2,1,2,2,3,1,1,3,4,3,2,3,3,2,1,4,4,,1,1,4,2,2,3,2,1,3,4,3,2,4,4,4,3,3,3,1,4,3,3,5,5,1,4,2,1,1,3,1,3,3,,3,1,4,2,1,3,4,3,2,5,3,3,4,,2,3,4,2,1,1,1,4,2,2,2,2,5,3,2,2,4,5,5,3,5,1,4,3,4,3,2,3,2,2,1,2,3,3,3,5,3,4,4,5,5,2,,4,4,3,1,3,5,5,3,1,4,1,4,4,3,5,4,2,2,2,4,4,2,3,3,2,1,5,3,3,3,2,2,3,3,4,4,5,3,2,3,4,5,2,2,5,4,3,5,5,3,2,4,4,3,2,4
10/30/2017 0:37:12,14858,2,3,4,3,3,3,3,2,3,3,3,3,3,4,3,4,3,2,3,3,3,4,,3,3,4,3,4,4,5,4,3,3,3,3,4,3,4,4,2,2,3,4,3,4,4,3,3,2,3,4,2,3,4,3,3,,3,3,3,3,3,3,3,3,4,3,2,4,4,,3,3,3,4,3,4,3,4,2,4,3,3,4,4,4,3,4,3,4,4,3,3,3,3,3,4,4,3,3,3,2,4,3,3,3,3,4,4,3,3,3,4,,3,3,3,3,3,4,3,3,3,3,3,3,3,4,3,4,4,3,3,3,4,4,3,3,4,2,3,2,5,2,4,2,2,3,2,2,3,3,3,4,4,3,2,3,3,4,3,4,3,3,3,3,4,3,3,4
10/30/2017 1:12:52,13801,1,4,2,1,1,1,4,3,1,3,2,2,2,1,1,2,4,2,1,1,1,2,,1,2,2,1,3,1,4,4,1,3,4,5,4,1,4,1,1,1,2,1,2,1,1,1,1,4,3,1,1,4,2,1,4,,1,1,4,2,4,2,2,3,2,3,4,3,2,,1,2,1,1,,4,2,2,2,1,1,1,1,1,1,1,3,4,1,4,1,4,1,2,2,1,2,5,1,1,1,1,2,4,1,4,1,4,1,4,1,3,,1,2,1,2,1,1,1,1,3,4,3,4,2,1,4,1,2,1,2,1,1,1,1,1,1,1,1,4,4,4,1,4,4,2,4,3,4,2,1,4,1,4,1,2,2,1,1,1,1,3,2,1,4,3,3,2
10/31/2017 21:35:12,92228,2,5,3,3,,2,4,2,2,4,,,2,1,3,,4,1,3,3,,,,1,3,5,2,2,3,2,3,,2,,,4,3,4,2,,3,,1,3,4,3,3,3,3,3,,2,3,3,3,,,3,3,,,5,3,5,2,,,2,,,,,3,2,,3,,,3,3,3,5,,5,,,3,4,,3,3,3,3,,3,3,3,,3,,4,3,,,2,3,,2,,1,,3,,,4,3,3,4,,1,,2,3,,,,5,4,4,3,3,,3,3,3,,4,5,,3,3,3,,,3,4,1,3,4,2,2,,4,,3,,1,3,3,3,3,1,,4,,2,1,,,4
10/30/2017 2:38:49,99698,1,3,3,4,4,2,3,3,3,2,3,3,3,3,4,4,5,2,3,4,3,4,,1,3,3,1,3,3,5,2,2,3,2,5,4,4,3,3,4,3,1,3,3,4,1,3,1,4,2,3,1,2,3,4,3,,4,3,2,2,2,5,2,3,2,2,3,4,4,,2,2,2,5,3,4,2,4,2,1,1,2,3,2,3,3,5,2,5,4,4,3,4,3,4,4,4,4,2,3,4,1,3,3,1,1,2,3,2,3,4,3,,2,1,2,2,3,5,2,3,4,5,4,2,2,4,2,4,3,2,3,1,2,3,3,3,3,2,2,2,3,3,2,3,1,1,2,2,3,2,2,4,4,1,1,3,4,2,3,4,1,4,4,3,4,3,3,4
10/30/2017 9:27:11,56364,5,3,3,5,4,4,5,5,3,3,3,4,4,5,5,5,4,5,5,5,4,5,,3,4,3,3,5,5,3,5,4,4,4,4,5,5,3,5,4,4,3,4,5,5,3,3,5,5,3,3,3,4,3,5,3,,3,4,3,4,5,4,3,3,5,4,5,5,4,,4,5,5,5,3,5,5,5,3,3,3,2,5,4,3,4,5,4,5,5,4,3,3,5,5,5,5,5,3,2,5,5,4,4,5,2,5,3,5,5,3,3,,4,3,5,4,4,3,3,5,3,4,3,4,3,5,3,4,3,3,5,5,5,5,4,3,5,5,3,5,4,4,3,3,3,3,4,4,3,3,3,3,4,4,5,3,4,5,5,4,4,4,3,5,3,3,4,4
10/30/2017 10:09:09,48818,5,4,5,4,4,4,4,4,4,4,5,4,4,4,4,5,4,5,4,4,4,5,,4,4,5,4,4,4,4,5,5,5,4,4,4,5,5,5,4,4,5,5,5,5,5,5,5,4,5,5,4,5,5,4,5,,4,4,5,5,4,5,4,4,5,5,5,5,5,,4,5,5,4,4,5,5,4,5,4,4,5,4,5,5,5,5,5,4,5,4,5,4,4,5,4,4,4,5,5,4,5,4,5,5,5,4,4,5,4,4,5,,5,4,4,4,5,4,4,4,5,4,4,4,4,5,4,5,4,4,5,5,5,5,5,4,5,4,4,5,5,4,4,5,4,4,5,4,5,4,5,4,4,4,5,5,5,4,4,4,5,4,4,4,4,4,4,5
10/30/2017 11:51:46,36184,1,2,3,1,2,3,1,2,3,2,2,2,2,1,1,1,1,1,1,1,2,1,,2,3,2,1,2,1,2,1,1,2,2,2,1,2,1,2,1,2,5,2,1,2,4,3,1,1,3,2,1,3,2,2,1,,2,2,2,2,3,3,1,2,2,2,2,2,1,,2,1,1,2,2,1,2,1,2,1,1,3,1,2,2,3,1,3,1,1,2,2,2,1,3,2,1,1,1,4,1,1,2,2,2,4,4,2,1,2,3,2,,1,4,2,1,3,3,1,1,1,2,1,2,2,1,3,2,2,1,2,1,1,1,2,1,1,2,1,2,1,3,3,3,2,3,2,3,2,2,3,3,1,2,1,1,1,1,2,1,1,2,2,3,3,2,2,3
10/30/2017 18:00:49,51429,1,2,2,1,1,1,1,4,1,3,2,3,3,3,2,3,3,4,2,2,4,3,,5,3,2,4,4,1,2,1,2,4,5,1,4,3,2,3,2,2,2,2,2,5,5,3,5,1,4,5,5,2,2,4,5,,2,1,3,4,3,1,4,5,4,5,1,3,1,,1,2,3,3,4,3,4,3,1,3,5,2,3,2,4,2,5,5,1,4,2,2,4,1,2,5,5,2,4,5,1,2,3,3,5,4,2,4,2,1,4,4,,1,3,4,3,3,3,3,5,5,4,3,1,2,2,5,1,3,5,2,5,5,1,4,3,4,5,1,2,3,3,2,5,5,3,1,1,2,2,3,1,5,1,5,3,4,2,1,4,1,2,4,5,4,4,3,5
10/30/2017 18:38:02,98256,2,5,3,3,2,2,3,3,2,3,3,2,2,3,2,4,4,3,3,5,2,3,,2,2,2,2,4,4,2,4,2,2,3,3,5,3,3,3,2,3,1,3,5,3,3,4,4,4,2,2,2,3,3,4,3,,3,3,2,2,3,3,2,3,4,5,2,3,4,,2,2,2,4,2,4,3,3,3,1,5,2,4,4,4,3,5,3,4,4,1,3,2,3,4,2,3,5,2,2,3,4,2,3,4,4,2,2,2,4,3,4,,3,3,3,3,2,4,5,2,3,3,1,2,2,4,4,3,2,3,2,2,3,4,2,2,3,2,4,2,4,2,2,3,3,4,5,4,4,4,4,4,4,4,2,3,4,4,4,3,4,3,2,3,2,3,3,2
10/30/2017 20:51:02,79126,1,1,4,3,1,1,1,1,1,1,1,1,1,1,1,3,1,1,1,1,1,1,,1,1,1,2,2,1,4,1,1,3,2,1,3,1,1,1,2,1,,2,3,1,1,1,1,2,2,1,1,1,1,1,4,,2,1,1,1,2,1,1,1,2,2,1,2,2,,1,1,1,1,1,1,1,2,1,1,1,2,1,4,1,1,1,1,3,2,1,1,1,1,2,3,3,2,1,1,1,1,1,2,1,2,1,1,1,3,1,1,,1,2,1,2,1,2,1,2,2,2,1,1,1,2,1,1,1,1,1,1,1,3,1,2,1,1,1,1,2,2,1,3,1,,4,1,1,1,1,2,1,1,1,1,,1,1,1,4,1,1,1,1,1,1,2
10/30/2017 21:08:51,61087,1,1,1,2,5,1,1,,1,1,1,2,1,2,1,1,1,2,1,1,1,3,,1,1,1,1,1,1,1,4,1,1,1,1,1,2,1,1,1,1,1,2,1,1,1,1,1,1,2,1,1,1,1,1,3,,1,1,1,1,2,1,1,2,1,1,1,2,2,,1,1,1,5,1,1,1,1,1,1,2,,1,1,1,1,2,1,4,1,2,1,1,1,1,1,2,5,1,1,3,2,1,1,1,,1,1,1,1,1,1,,1,1,1,1,1,1,1,1,1,1,2,1,1,1,3,1,2,1,3,1,1,3,1,1,1,1,1,1,1,1,1,1,1,2,1,1,1,1,3,1,1,1,1,1,1,2,1,1,1,1,1,1,1,1,1,1
10/30/2017 21:52:52,57594,1,3,4,4,2,3,1,2,4,2,2,5,5,3,2,5,5,1,2,5,2,2,,1,3,2,1,3,3,5,4,3,3,4,1,3,5,3,2,2,5,1,4,5,5,1,3,5,4,2,1,1,1,2,5,4,,2,3,4,2,3,4,2,3,3,3,4,3,5,,2,5,2,5,3,3,1,2,4,3,5,2,3,2,2,3,4,3,3,3,5,2,2,5,5,1,5,5,1,1,1,5,2,3,3,5,2,5,3,5,5,2,,1,5,5,4,3,4,3,1,3,4,5,2,3,4,5,2,2,1,3,2,2,3,3,2,2,1,3,3,3,5,2,5,3,3,5,3,5,4,3,3,3,3,1,5,5,1,4,4,4,5,2,3,3,3,3,5
10/30/2017 22:39:14,97321,3,2,4,2,4,3,5,3,1,3,3,2,3,5,5,1,2,3,3,3,4,5,,2,2,3,2,4,2,4,3,2,2,4,3,3,3,3,4,1,2,1,3,5,4,2,2,3,5,2,3,3,5,2,4,4,,2,1,2,2,5,2,1,4,5,4,3,4,3,,3,,2,4,2,5,2,1,3,4,4,4,2,3,4,5,4,4,2,2,3,2,5,4,5,2,5,2,3,4,3,3,4,4,2,5,2,2,3,3,3,4,,3,2,2,1,1,4,3,5,2,2,5,4,1,5,1,3,2,2,2,3,2,4,2,3,2,4,3,5,2,2,5,1,4,4,2,3,4,2,4,4,1,4,2,1,3,2,1,4,2,4,4,1,4,2,2,3
10/30/2017 23:36:46,52477,1,2,3,1,3,3,1,2,1,1,1,1,3,1,1,1,1,3,1,1,3,1,,1,1,1,1,1,1,1,1,2,2,1,1,1,1,1,1,2,1,1,1,1,1,1,1,2,1,1,1,1,1,1,1,5,,1,1,1,2,1,1,1,1,1,1,1,1,1,,2,2,1,1,2,1,1,1,1,4,1,1,1,3,1,1,1,3,1,1,5,2,4,1,1,3,1,2,1,1,5,1,2,1,1,5,1,1,1,4,1,1,,1,5,1,1,1,1,1,1,3,1,3,1,1,1,3,1,1,2,1,1,1,1,1,1,5,1,1,1,4,1,5,4,1,1,1,1,1,3,1,1,1,1,1,3,1,1,1,1,2,1,1,1,1,1,3,2
10/30/2017 23:59:15,82114,4,4,3,2,5,5,5,5,3,2,4,5,2,4,3,5,5,5,5,4,2,4,,2,2,5,5,4,5,4,3,4,3,4,4,5,4,5,2,2,2,3,3,5,4,3,5,3,5,3,4,3,2,5,5,5,,2,4,3,4,4,2,5,4,4,5,2,5,5,,3,5,3,4,4,5,2,5,2,3,2,4,4,3,4,4,5,4,4,3,4,4,5,5,2,4,4,5,4,5,4,4,3,3,5,4,5,4,5,3,5,5,,2,3,5,4,4,5,4,5,3,4,5,5,4,5,2,5,5,3,4,4,4,5,4,4,2,3,2,4,4,4,4,5,4,2,4,4,4,2,3,3,4,4,2,4,5,2,5,2,4,4,4,5,2,4,5,5
10/31/2017 0:27:33,22707,2,5,4,4,3,2,3,4,5,2,3,5,4,4,3,2,4,4,5,3,4,2,,5,4,4,3,4,3,3,3,2,3,2,4,3,3,2,2,4,1,5,3,5,2,4,4,4,4,2,1,4,3,4,1,4,,3,4,3,2,1,3,1,3,2,5,3,4,5,,5,5,2,3,4,5,3,3,1,3,4,4,4,2,1,2,4,3,5,1,2,3,3,1,3,5,3,5,3,3,3,3,5,3,5,4,2,5,1,4,4,1,,5,2,2,4,4,2,4,2,3,3,2,4,3,4,4,3,5,3,3,5,2,3,3,2,2,3,1,2,4,2,1,2,2,3,4,2,4,1,3,3,4,2,3,4,4,4,2,3,2,2,1,3,3,4,2,4
10/31/2017 10:38:58,potation,2,2,4,4,2,2,2,2,3,3,4,4,4,5,2,3,5,3,3,3,3,4,,4,3,1,3,3,3,4,5,2,2,3,3,4,2,3,3,2,3,3,3,4,4,2,3,3,3,3,3,2,2,2,3,2,,3,3,4,2,2,2,2,2,4,5,3,3,3,,3,4,3,1,3,2,2,3,3,4,3,2,4,4,2,4,4,5,3,4,3,2,4,3,4,4,3,5,3,3,2,2,3,3,2,3,3,3,4,2,3,4,,2,3,4,2,2,4,5,2,4,5,2,3,4,4,3,2,3,4,3,2,3,2,2,3,2,1,1,3,2,3,4,3,5,4,5,5,5,4,5,5,5,5,2,2,4,3,3,4,3,3,4,2,3,3,2,4
10/31/2017 11:36:12,35484,1,5,4,5,4,4,4,4,4,4,4,2,4,3,5,5,5,5,4,5,1,5,,1,4,4,2,5,1,5,1,4,5,1,1,4,1,5,4,4,4,,5,5,4,1,3,5,5,5,,1,4,4,4,5,,4,4,4,4,5,4,2,4,5,5,4,4,5,,4,1,1,5,4,5,3,4,3,5,1,3,3,5,4,4,5,5,5,5,5,4,5,4,5,5,1,4,2,4,5,5,4,5,5,4,4,2,1,5,1,4,,5,5,5,4,2,5,5,3,5,1,1,5,4,4,5,4,4,3,4,4,4,5,4,2,1,4,1,4,5,4,4,5,4,4,3,5,4,5,1,4,5,1,2,4,2,4,1,5,5,4,4,4,1,4,4,4
10/31/2017 11:58:38,86349,2,3,3,3,4,2,2,3,3,2,3,2,3,2,2,3,4,2,3,4,1,2,,3,3,2,2,2,2,4,3,3,3,3,2,4,1,4,2,2,4,5,3,4,4,2,1,3,3,4,2,2,2,3,2,4,,2,1,3,2,2,3,3,2,3,5,3,3,2,,3,2,1,5,2,4,2,2,1,2,4,4,3,3,2,2,3,3,3,1,4,3,4,2,3,4,2,4,2,2,1,3,3,2,4,3,3,2,1,3,3,2,,2,5,2,2,4,4,3,3,3,4,3,3,3,2,3,2,2,4,2,4,4,3,3,2,2,4,4,2,3,3,2,4,4,3,4,5,3,4,4,4,4,4,1,3,2,3,3,3,2,3,2,3,3,3,2,2
10/31/2017 12:03:36,45382,2,3,,4,5,3,2,4,5,1,2,4,2,3,2,2,2,4,5,3,4,5,,5,3,4,4,3,2,3,2,4,3,3,4,1,5,2,1,4,4,1,2,4,3,2,4,3,3,5,2,2,5,4,5,5,,3,2,4,5,2,3,2,3,1,3,4,3,2,,3,3,1,5,4,4,3,1,5,2,1,3,2,4,1,5,2,3,3,4,3,1,5,4,4,4,2,1,2,5,4,5,4,1,2,3,4,4,4,5,2,2,,1,5,3,3,4,5,4,5,3,3,5,4,4,4,3,3,2,1,1,4,5,5,4,4,5,3,1,3,4,4,5,2,2,5,,2,3,1,4,1,3,3,4,4,5,3,4,3,4,4,4,4,1,3,1,3
11/1/2017 2:12:23,29898,3,3,5,4,3,3,4,4,3,4,3,3,3,4,4,3,4,4,4,3,4,3,,5,4,4,4,4,4,3,3,2,4,4,3,4,4,3,3,4,3,2,3,4,4,3,4,4,4,4,3,2,4,4,3,4,,4,4,5,4,4,5,4,5,4,5,5,5,3,,4,4,3,4,5,4,4,4,3,3,4,3,4,4,3,4,3,4,4,4,4,4,3,4,3,3,4,4,5,4,4,4,5,4,4,3,3,4,4,4,4,4,,,3,4,5,4,5,4,1,4,4,1,2,5,3,4,3,4,5,4,4,2,4,3,5,4,4,3,3,3,4,5,2,5,,2,4,3,3,4,3,3,3,5,4,1,5,3,4,4,4,3,4,4,3,,3